patties,"20,000 Patties Under the Sea.png"
und,"20,000 Patties Under the Sea.png"
der,"20,000 Patties Under the Sea.png"
the,"20,000 Patties Under the Sea.png",Back to the Past.jpg,Call the Cops.png,Pest of the West.jpg,The Fry Cook Games.jpg,The Paper.png,The Wreck of the Mauna Loa.png,Walking the Plankton.png,Welcome to the Bikini Bottom Triangle.jpg
sea,"20,000 Patties Under the Sea.png"
without,A Day Without Tears.jpg
tears,A Day Without Tears.jpg
flea,A Flea in Her Dome.PNG
in,A Flea in Her Dome.PNG,New Fish in Town.png,Sing a Song of Patrick.png
her,A Flea in Her Dome.PNG
dome,A Flea in Her Dome.PNG
a,A Friendly Game.png,A Life in a Day.jpg,A Life in a Day.jpg,Can_You_Spare_a_Dime%3F.jpg,Clam_Up!.png,Fear of a Krabby Patty .png,Gary's-New-To.PNG,Krabs à la Mode.jpg,Mr. Krabs Takes a Vacation.png,PLANKTON!.jpg,Pranks a Lot.jpg,Shell of a Man.jpg,The Card.jpg,Vlcsnap-2017-09-27-21h34m05s079.png,Whale of a Birthday.png
friendly,A Friendly Game.png
ame,A Friendly Game.png
pal,A Pal for Gary.jpg
for,A Pal for Gary.jpg,Dying for Pie.jpg,For Here or to Go.PNG,House Sittin' For Sandy.png,Squidward's School for Grown-Ups.png,The Bad Guy Club for Villains.jpg
family,A SquarePants Family Vacation.png
vacation,A SquarePants Family Vacation.png,Mr. Krabs Takes a Vacation.png,Sandy's Vacation In Ruins.jpg
ha,Accidents Will Happen.png
accidents,Accidents Will Happen.png
happen,Accidents Will Happen.png
all,Alll That Glitters.jpg
hat,Alll That Glitters.jpg,No Hat for Pat.jpg
gl,Alll That Glitters.jpg
litters,Alll That Glitters.jpg
appointment,Appointment TV.png
t,Appointment TV.png,Driven to Tears.png,SquidBob TentaclePants.png,The Wreck of the Mauna Loa.png
are,Are_You_Happy_Now%3F.png
you,Are_You_Happy_Now%3F.png,Can_You_Spare_a_Dime%3F.jpg
arr,Arrgh!.png
artist,Artist Unknown.jpg
unknown,Artist Unknown.jpg
as,As Seen on TV.jpg,Christmas_Who%3F.jpg
seen,As Seen on TV.jpg,Have_You_Seen_This_Snail%3F.jpg
on,As Seen on TV.jpg,Goons on the Moon.png,Mutiny on the krust.png,SpongeGuard on Duty.png,Squid on Strike.jpg
tv,As Seen on TV.jpg
squarepa,Atlantis SquarePantis.jpg
s,Atlantis SquarePantis.jpg,Fungus Among Us.jpg,Pest of the West.jpg,Plankton retires.png,Plankton retires.png,Sentimental Sponge.png,The Fish Bowl.png,The Lost Mattress.jpg,Trenchbillies.jpg
back,Back to the Past.jpg
to,Back to the Past.jpg,Welcome to the Bikini Bottom Triangle.jpg
band,Band Geeks.jpg
geeks,Band Geeks.jpg
banned,Banned in Bikini Bottom.jpg
bikini,Banned in Bikini Bottom.jpg,The Krabby Patty That Ate Bikini Bottom.png
bottom,Banned in Bikini Bottom.jpg,Hello Bikini Bottom!.jpg,Keep Bikini Bottom Beautiful.jpg,Rock Bottom.png,The Curse of Bikini Bottom.jpg,The Krabby Patty That Ate Bikini Bottom.png,The Legend of Boo-kini Bottom.jpg,The Monster Who Came to Bikini Bottom.jpg,The Sewers of Bikini Bottom.jpg,Welcome to the Bikini Bottom Triangle.jpg
barnacle,Barnacle Face.png
face,Barnacle Face.png,Face Freeze!.png
best,Best Day Ever.jpg
ever,Best Day Ever.jpg,Pineapple Fever.png,What_Ever_Happened_to_SpongeBob%3F.png
frenemies,Best Frenemies.png
ink,Big Pink Loser.jpg
big,Big Sister Sam.png
sister,Big Sister Sam.png
sam,Big Sister Sam.png
blackened,Blackened Sponge.jpg
sponge,Blackened Sponge.jpg
black,BlackJack.png
jack,BlackJack.png
boat,Boat Smarts.jpg
smarts,Boat Smarts.jpg
boating,Boating Schoo.jpg
sc,Boating Schoo.jpg
born,Born Again Krabs.jpg,Born to Be Wild.png
again,Born Again Krabs.jpg
krabs,Born Again Krabs.jpg,Mr. Krabs Takes a Vacation.png,One Krabs Trash.jpg,Safe Deposit Krabs.png
be,Born to Be Wild.png
wild,Born to Be Wild.png
bott,Bottle Burglars.png
le,Bottle Burglars.png
breath,Breath of Fresh Squidward.jpg
of,Breath of Fresh Squidward.jpg,Fear of a Krabby Patty .png,Life of Crime.jpg,OutOfThePicture.png.png,Planet of the Jellyfish.PNG,Rule of Dumb.jpg,SecretOfKahunaLaguna.png,Shell of a Man.jpg,Survival of the Idiots.jpg,The Battle of Bikini Bottom.jpg,The Clash of Triton.jpg,The Curse of Bikini Bottom.jpg,The Curse of the Hex.jpg,The Gift of Gum.jpg,The Inmates of Summer.jpg,The Legend of Boo-kini Bottom.jpg,The Sewers of Bikini Bottom.jpg,The Way of The Sponge.png,The Wreck of the Mauna Loa.png,Tunnel of Glove.jpg,Whale of a Birthday.png
fresh,Breath of Fresh Squidward.jpg
bubble,Bubble Buddy Returns.png,Burst Your Bubble.png
buddy,Bubble Buddy Returns.png
returns,Bubble Buddy Returns.png,Man Ray Returns.jpg
bubble,Bubble Troubles.png
trou,Bubble Troubles.png
ubles,Bubble Troubles.png
o,Bubbletown.png,Grandmum's The Word.png,Grooming Gary.png,Imitation Krabs.png,Krusty Dogs.png,Plankton Gets the Boot.png,REEF BLOWER.jpg,Squid's Day Off.png,Toy Store of Doom.jpg,Toy Store of Doom.jpg
sweet,Bucket Sweet Bucket.png,Sweet and Sour Squid.png
buck,Bucket Sweet Bucket.png
ket,Bucket Sweet Bucket.png
vacation,Bummer Vacation.jpg
bump,Bumper-to-Bumpe.PNG
r,Bumper-to-Bumpe.PNG,Rise and Shine.PNG,Roller Cowards.jpg,Rule of Dumb.jpg,SANDY'S ROCKET.jpg,Spot Returns.jpg,The Paper.png
bumper,Bumper-to-Bumpe.PNG
bunny,Bunny Hunt.png
hunt,Bunny Hunt.png
in,Buried in Time.jpg,Enemy In-Law.jpg,Fools in April.png,Sandy's Vacation In Ruins.jpg,Someone's in the Kitchen with Sandy.png,Stuck in the Wringer.jpg
time,Buried in Time.jpg
burst,Burst Your Bubble.png
c,C.3-1,Sanctuary!.png,The Chaperone.jpg
call,Call the Cops.png
cops,Call the Cops.png
can,Can_You_Spare_a_Dime%3F.jpg
dime,Can_You_Spare_a_Dime%3F.jpg
cave,Cave Dwelling Spongehq.jpg
dwelling,Cave Dwelling Spongehq.jpg
sponge,Cave Dwelling Spongehq.jpg,The Incredible Shrinking Sponge.jpg,The Sponge Who Could Fly.jpg,The Way of The Sponge.png,You Don't Know Sponge.jpg
cephalopod,Cephalopod Lodge.jpg
lodge,Cephalopod Lodge.jpg
chatterbox,Chatterbox Gar.png
chef,ChefBob.png
bob,ChefBob.png
chimps,Chimps_Ahoy.jpg
ahoy,Chimps_Ahoy.jpg
chocolate,Chocolate_with_Nuts.jpg
with,Chocolate_with_Nuts.jpg,I'm with Stupid.jpg,Someone's in the Kitchen with Sandy.png
nuts,Chocolate_with_Nuts.jpg
choi,ChoirBoysTitlecard.png
christm,Christmas_Who%3F.jpg
chum,Chum Bucket Supreme.jpg,Welcome to the Chum Bucket.jpg
bucket,Chum Bucket Supreme.jpg,Welcome to the Chum Bucket.jpg
supreme,Chum Bucket Supreme.jpg
chum,Chum Caverns.jpg
caverns,Chum Caverns.jpg
clams,Clams.jpg
club,Club SpongeBob.jpg,The Bad Guy Club for Villains.jpg
spongebob,Club SpongeBob.jpg,"Sandy, SpongeBob, and the Worm.jpg",SpongeBob Meets the Strangler.jpg,SpongeBob vs. the Patty Gadget.jpg,SpongeBob You're Fired.png
code,Code Yellow.png
company,Company Picnic.jpg
picnic,Company Picnic.jpg
dit,CopyBob DittoPants.png
copybob,CopyBob DittoPants.png
topa,CopyBob DittoPants.png
dittopants,CopyBob DittoPants.png
dittopants,CopyBob DittoPants.png
cul,CULTURE SHOCK.JPG
shock,CULTURE SHOCK.JPG,Shell Shocked.png
dear,Dear Vikings.jpg
vikings,Dear Vikings.jpg
doo,Demolition Doofus.png
doing,Doing Time.jpg
time,Doing Time.jpg
don't,Don't Feed the Clown.png,Don't Wake Patrick.jpg
fe,Don't Feed the Clown.png
feed,Don't Feed the Clown.png
the,Don't Feed the Clown.png,Goons on the Moon.png,Grandmum's The Word.png,Grandpappy the Pirate.png,Larry the Floor Manager.jpg,Mutiny on the krust.png,OutOfThePicture.png.png,Pat the Horse.png,Patrick! The Game.png,Planet of the Jellyfish.PNG,Plankton Gets the Boot.png,Sand Castles in the Sand.jpg,"Sandy, SpongeBob, and the Worm.jpg",Spin the Bottle.png,SpongeBob Meets the Strangler.jpg,SpongeBob vs. the Patty Gadget.jpg,Squidward the Unfriendly Ghost.jpg,Stuck in the Freezer.png,Stuck on the Roof.png,Survival of the Idiots.jpg,The Abrasive Side.jpg,The Bully.jpg,The Camping Episode.jpg,The Cent of Money.jpg,The Curse of Bikini Bottom.jpg,The Executive Treatment.png,The Fish Bowl.png,The Googly Artiste.png,The Great Snail Race.jpg,The Grill is Gone.png,The Incredible Shrinking Sponge.jpg,The Inmates of Summer.jpg,The Krabby Patty That Ate Bikini Bottom.png,The Legend of Boo-kini Bottom.jpg,The Main Drain.jpg,The Monster Who Came to Bikini Bottom.jpg,The Night Patty.png,The Secret Box.jpg,The Sewers of Bikini Bottom.jpg,The Slumber Party.jpg,The Sponge Who Could Fly.jpg,The Way of The Sponge.png,The Wreck of the Mauna Loa.png,The_Getaway.jpg,Welcome to the Chum Bucket.jpg
don't,Don't Look No.png
l,Don't Look No.png,Little-Yellow-Boo.PNG
k,Don't Look No.png,Mutiny on the krust.png
wake,Don't Wake Patrick.jpg
patrick,Don't Wake Patrick.jpg,Patrick's Staycation.png,Patrick-Man.PNG,What%27s_Eating_Patrick%3F.png
odle,Doodle Dimensio.png
e,Doodle Dimensio.png,Jellyfish Hunter.jpg,Pat the Horse.png,Sleepy Time.png,The Hot Shot.png,Tutor Sauce.png
drive,Drive Happy.png,Drive Thru.png
thru,Drive Thru.png
driven,Driven to Tears.png
tears,Driven to Tears.png
pe,Dumped.jpg,Teacher's Pest.png
d,Dumped.jpg,Library Cards.png,Old Man Patric.png,You Don't Know Sponge.jpg
unces,Dunces and Dragons.png
and,Dunces and Dragons.png
dying,Dying for Pie.jpg
earworm,Earworm.jpg
an,"Eek, an Urchin!.PNG",I Had an Accident.jpg,Man Ray Returns.jpg
urchin,"Eek, an Urchin!.PNG"
enchanted,Enchanted Tiki Dreams.png
dreams,Enchanted Tiki Dreams.png
enemy,Enemy In-Law.jpg
law,Enemy In-Law.jpg
evil,Evil-Spatul.PNG
pat,Evil-Spatul.PNG,No Hat for Pat.jpg,Pat No Pay.jpg
ext,Extreme Spots.PNG
treme,Extreme Spots.PNG
p,Extreme Spots.PNG,Pest of the West.jpg,Pizza Delivery.jpg,PLANKTON!.jpg,RIPPED PANTS.jpg,Spy Buddies.JPG
m,Extreme Spots.PNG,The Cent of Money.jpg,Wormy.jpg
freeze,Face Freeze!.png
krabby,Fear of a Krabby Patty .png
patty,Fear of a Krabby Patty .png
era,Feral Friends.jpg
frie,Feral Friends.jpg
nds,Feral Friends.jpg
food,Food Con Castaways.png
con,Food Con Castaways.png
castaways,Food Con Castaways.png
fools,Fools in April.png
april,Fools in April.png
here,For Here or to Go.PNG
or,For Here or to Go.PNG,Friend or Foe.PNG,Move It or Lose It.png,No Hat for Pat.jpg,To SquarePants or Not to SquarePants.jpg
frankendoodle,Frankendoodle.jpg
free,Free Samples.png
samples,Free Samples.png
friend,Friend or Foe.PNG
foe,Friend or Foe.PNG
frozen,Frozen Face-Off.png
face-,Frozen Face-Off.png
off,Frozen Face-Off.png,Squid's Day Off.png
un,Fun-Sized Friends.png
sized,Fun-Sized Friends.png
friends,Fun-Sized Friends.png
ungus,Fungus Among Us.jpg
mong,Fungus Among Us.jpg
ants,Funny Pants.jpg
lov,Gary in Love.png
gary,Gary Takes a Bath.jpg
takes,Gary Takes a Bath.jpg,Mr. Krabs Takes a Vacation.png
bath,Gary Takes a Bath.jpg
ghost,Ghost Host.jpg
host,Ghost Host.jpg,Squidward the Unfriendly Ghost.jpg
ghoul,Ghoul Fools.PNG
fool,Ghoul Fools.PNG
ls,Ghoul Fools.PNG
giant,Giant Squidward.png
girls,Girls' Night Out.png
night,Girls' Night Out.png,The Night Patty.png
out,Girls' Night Out.png,OutOfThePicture.png.png
glove,Glove World R.I.P..PNG,Tunnel of Glove.jpg
world,Glove World R.I.P..PNG
r.i.p.,Glove World R.I.P..PNG
gone,Gone.png,The Grill is Gone.png
goo,Goo Goo Gas.png,Goo Goo Gas.png
gas,Goo Goo Gas.png
good,Good Neighbors.PNG,Plankton's Good Eye.png
neighbors,Good Neighbors.PNG
good,Good Ol' Whatshisname.jpg,The Good Krabby Name.png
whatshisname,Good Ol' Whatshisname.jpg
o,"Goodbye, Krabby Patty.jpg"
goons,Goons on the Moon.png
moon,Goons on the Moon.png
amm,Gramma's Secret Recipe.jpg
secre,Gramma's Secret Recipe.jpg
recipe,Gramma's Secret Recipe.jpg
is,Grandma's Kisses.png
es,Grandma's Kisses.png,Squirrel Jokes.jpg
grandmum's,Grandmum's The Word.png
wo,Grandmum's The Word.png
ord,Grandmum's The Word.png
graveyard,Graveyard Shift.jpg
shift,Graveyard Shift.jpg
buffoons,Greasy Buffoons.jpg
gary,Grooming Gary.png
growth,Growth Spout.jpg
spout,Growth Spout.jpg
gullible,Gullible Pants.jpg
pant,Gullible Pants.jpg
have,Have_You_Seen_This_Snail%3F.jpg
you,Have_You_Seen_This_Snail%3F.jpg
this,Have_You_Seen_This_Snail%3F.jpg
snail,Have_You_Seen_This_Snail%3F.jpg,The Great Snail Race.jpg
hello,Hello Bikini Bottom!.jpg
!,Hello Bikini Bottom!.jpg,Treats!.PNG,Treats!.PNG,Treats!.PNG,Treats!.PNG,Treats!.PNG,Treats!.PNG,Treats!.PNG
el,Help Wanted.png
hide,Hide_and_Then_What_Happens%3F.jpg
and,Hide_and_Then_What_Happens%3F.jpg,LameAndFortune.png,Rise and Shine.PNG,"Sandy, SpongeBob, and the Worm.jpg",SpongeBob and the Beig Wave.png,Sweet and Sour Squid.png
then,Hide_and_Then_What_Happens%3F.jpg
what,Hide_and_Then_What_Happens%3F.jpg
happens,Hide_and_Then_What_Happens%3F.jpg
ea,High Sea Divin.png
hocus,Hocus Pocus.jpg
home,Home Sweet Rubble.png
swee,Home Sweet Rubble.png
rubble,Home Sweet Rubble.png
use,House Fancy.png
house,House Sittin' For Sandy.png,House Worming.png
sittin',House Sittin' For Sandy.png
wo,House Worming.png
orming,House Worming.png
i,I Had an Accident.jpg
had,I Had an Accident.jpg
accident,I Had an Accident.jpg
dancing,I Heart Dancing.jpg
wi,I'm with Stupid.jpg
stupid,I'm with Stupid.jpg
m,I'm Your Biggest Fanatic.png
biggest,I'm Your Biggest Fanatic.png
box,Idiot Box.jpg,The Secret Box.jpg
im,Imitation Krabs.png
tation,Imitation Krabs.png
kr,Imitation Krabs.png
.,Ink Lemonade.png
ink,Ink Lemonade.png
lemonade,Ink Lemonade.png
inspongeiac,InSPONGEiac.PNG
am,It Came From Goo Lagoon.png,The Clam Whisperer.jpg
from,It Came From Goo Lagoon.png
lagoon,It Came From Goo Lagoon.png
it's,It's a SpongeBob Christmas!.jpg
jai,Jailbreak.png
bre,Jailbreak.png
jellyfish,Jellyfish Hunter.jpg,Jellyfish Jam.jpg
hunter,Jellyfish Hunter.jpg
g,Jellyfish Hunter.jpg,Krabs à la Mode.jpg,Pizza Delivery.jpg,Wormy.jpg
jam,Jellyfish Jam.jpg
just,Just One Bite.jpg
one,Just One Bite.jpg,One Krabs Trash.jpg,SpongeBob SquarePants vs. The Big One.jpg,Squid Plus One.png
bite,Just One Bite.jpg
karate,Karate Island.jpg
island,Karate Island.jpg
rat,Karate Star.jpg
ar,Karen's Virus.png
keep,Keep Bikini Bottom Beautiful.jpg
kini,Keep Bikini Bottom Beautiful.jpg
beautiful,Keep Bikini Bottom Beautiful.jpg
komputer,Komputer Overload.jpg
overload,Komputer Overload.jpg
krabby,Krabby Land.jpg,Krabby Road.jpg,The Krabby Kronicle.jpg,The Krabby Patty That Ate Bikini Bottom.png
road,Krabby Road.jpg
krabs,Krabs vs. Plankton.jpg
vs,Krabs vs. Plankton.jpg,Mermaid Man vs. SpongeBob.jpg,Sharks vs Pods.png,SpongeBob SquarePants vs. The Big One.jpg
plankton,Krabs vs. Plankton.jpg,Plankton Gets the Boot.png,Plankton Paranoia.png,Walking the Plankton.png
j,Krabs à la Mode.jpg,The Check-Up.jpg,The Check-Up.jpg
la,Krabs à la Mode.jpg
mo,Krabs à la Mode.jpg
u,Krusty Dogs.png,Krusty Love.png,Stuck in the Freezer.png
kleaners,Krusty Kleaners.png
krusty,Krusty Krab Training Video.jpg,The Krusty Plate.jpg
krab,Krusty Krab Training Video.jpg
training,Krusty Krab Training Video.jpg
video,Krusty Krab Training Video.jpg
krust,Krusty Krushers.png,Krusty Love.png
krushers,Krusty Krushers.png
love,Krusty Love.png,Love That Squid.png
towers,Krusty Towers.png
lame,LameAndFortune.png
fortune,LameAndFortune.png
larry,Larry the Floor Manager.jpg
floor,Larry the Floor Manager.jpg
manager,Larry the Floor Manager.jpg
larry's,Larry's Gym.jpg
gym,Larry's Gym.jpg
bi,Le Big Switch.jpg
witch,Le Big Switch.jpg
ra,Library Cards.png
car,Library Cards.png
rds,Library Cards.png
license,License-to-Milkshak.PNG
li,License-to-Milkshak.PNG
insuranc,Life Insurance.jpg
cr,Life of Crime.jpg
ittle,Little-Yellow-Boo.PNG
ellow,Little-Yellow-Boo.PNG
st,Lost in Bikini Bottom.jpg
ini,Lost in Bikini Bottom.jpg
otto,Lost in Bikini Bottom.jpg
that,Love That Squid.png,That Sinking Feeling.jpg,The Krabby Patty That Ate Bikini Bottom.png
squid,Love That Squid.png,Squid on Strike.jpg,Squid Plus One.png
married,Married to Money.png
to,Married to Money.png,To Love a Patty.PNG,To Save a Squirrel.jpg,To SquarePants or Not to SquarePants.jpg,To SquarePants or Not to SquarePants.jpg
mermaid,Mermaid Man & Barnacle Boy VI - The Motion Picture.jpg
barnacle,Mermaid Man & Barnacle Boy VI - The Motion Picture.jpg
man,Mermaid Man & Barnacle Boy VI - The Motion Picture.jpg,Old Man Patric.png
&,Mermaid Man & Barnacle Boy VI - The Motion Picture.jpg
boy,Mermaid Man & Barnacle Boy VI - The Motion Picture.jpg
vi,Mermaid Man & Barnacle Boy VI - The Motion Picture.jpg
the,Mermaid Man & Barnacle Boy VI - The Motion Picture.jpg,Someone's in the Kitchen with Sandy.png,SpongeBob and the Beig Wave.png,SpongeBob SquarePants vs. The Big One.jpg,Tea at the Treedome.png,The Algae's Always Greener.jpg,The Bad Guy Club for Villains.jpg,The Battle of Bikini Bottom.jpg,The Chaperone.jpg,The Clam Whisperer.jpg,The Curse of the Hex.jpg,The Donut of Shame.jpg,The Endless Summer.jpg,The Gift of Gum.jpg,The Great Patty Caper.jpg,The Inside Job.jpg,The Krabby Kronicle.jpg,The Krusty Plate.jpg,The Krusty Sponge.PNG,The Lost Mattress.jpg,The Pink Purloiner.png,The Play's the Thing.jpg,The Play's the Thing.jpg,The Smoking Peanut.jpg,The Thing.png,The Two Faces of Squidward.png
motion,Mermaid Man & Barnacle Boy VI - The Motion Picture.jpg
picture,Mermaid Man & Barnacle Boy VI - The Motion Picture.jpg
and,Mermaid Man and Barnacle Boy II.png,Mermaid Man and Barnacle Boy III.jpg,Mermaid Man and Barnacle Boy IV.jpg,Mermaid Man and Barnacle Boy V.jpg
ii,Mermaid Man and Barnacle Boy II.png
iii,Mermaid Man and Barnacle Boy III.jpg
iv,Mermaid Man and Barnacle Boy IV.jpg
begins,Mermaid Man Begins.png
spongebob,Mermaid Man vs. SpongeBob.jpg,SpongeBob and the Beig Wave.png,SpongeBob SquarePants vs. The Big One.jpg
mid-life,Mid-Life Crustacean.jpg
crustacean,Mid-Life Crustacean.jpg
mimic,Mimic Madness.png
madness,Mimic Madness.png
missing,Missing Identity.png
model,Model Sponge.jpg
spon,Model Sponge.jpg
n,Model Sponge.jpg
talks,Money Talks.PNG
mooncat,Mooncation.png
ation,Mooncation.png
move,Move It or Lose It.png
lose,Move It or Lose It.png
moving,Moving Bubble Bass.png
ubble,Moving Bubble Bass.png
bass,Moving Bubble Bass.png
mr.,Mr. Krabs Takes a Vacation.png
mrs,"Mrs. Puff, You're Fired.jpg"
uff,"Mrs. Puff, You're Fired.jpg"
fired,"Mrs. Puff, You're Fired.jpg",SpongeBob You're Fired.png
my,My Pretty Seahorse.jpg
pretty,My Pretty Seahorse.jpg
seahorse,My Pretty Seahorse.jpg
na,Nasty Patty.jpg
pa,Nasty Patty.jpg,Sing a Song of Patrick.png,The Other Patty.png
novice,Nautical Novice.jpg
neptune's,Neptune's Spatula.png
spatula,Neptune's Spatula.png
eptune,NeptuneParty.jpg
party,NeptuneParty.jpg,The Slumber Party.jpg
new,New Digs.jpg,New Student Starfish.jpg
digs,New Digs.jpg
new,New Fish in Town.png
fish,New Fish in Town.png
town,New Fish in Town.png
student,New Student Starfish.jpg
starfish,New Student Starfish.jpg
ght,Night Light.jpg
no,No Free Rides.jpg,Pat No Pay.jpg
free,No Free Rides.jpg
no,No Hat for Pat.jpg,No Nose Knows.png,No Weenies Allowed.jpg,That's No Lady.jpg
f,No Hat for Pat.jpg,The Fish Bowl.png
nose,No Nose Knows.png
knows,No Nose Knows.png
pictures,No Pictures Please.jpeg
please,No Pictures Please.jpeg
weenies,No Weenies Allowed.jpg
allowed,No Weenies Allowed.jpg
not,Not Normal.png
normal,Not Normal.png
ol,Old Man Patric.png
once,Once Bitten.jpg
one,One Coarse Meal.jpg
coarse,One Coarse Meal.jpg
meal,One Coarse Meal.jpg
trash,One Krabs Trash.jpg
opposi,Opposite Day.png
oral,Oral Report.png
report,Oral Report.png
picture,OutOfThePicture.png.png
pooper,Party Pooper Pants.jpg
pants,Party Pooper Pants.jpg
pa,Patnocchio.png
atnocchio,Patnocchio.png
patrick,Patrick SmartPants.jpg
smartpants,Patrick SmartPants.jpg
game,Patrick! The Game.png
k's,Patrick's Staycation.png
penny,Penny Foolish.jpg
foolish,Penny Foolish.jpg
chemistry,Perfect Chemistry.png
of,Pest of the West.jpg,Sing a Song of Patrick.png,The Donut of Shame.jpg,The Wreck of the Mauna Loa.png,The Wreck of the Mauna Loa.png
or,Pet or Pests.jpg
sitter,Pet Sitter Pat.png
ure,Picture Day.jpg
ineapple,Pineapple Fever.png
delivery,Pizza Delivery.jpg
planet,Planet of the Jellyfish.PNG
h,Planet of the Jellyfish.PNG,Shell of a Man.jpg,The Hot Shot.png,The Hot Shot.png,The Wreck of the Mauna Loa.png
on,Plankton Gets the Boot.png
oo,Plankton Gets the Boot.png
gets,Plankton Gets the Boot.png
paranoia,Plankton Paranoia.png
etires,Plankton retires.png
an,PLANKTON!.jpg
plankton's,Plankton's Army.png,Plankton's Regular.png
army,Plankton's Army.png
n's,Plankton's Pet.png
pet,Plankton's Pet.png
regular,Plankton's Regular.png
porous,Porous Pockets.jpg
ets,Porous Pockets.jpg
a,Pranks a Lot.jpg
pranks,Pranks a Lot.jpg
lot,Pranks a Lot.jpg
pre,Prehibernation Week.jpg
hibernation,Prehibernation Week.jpg
week,Prehibernation Week.jpg
procrastination,Procrastination.jpg
pr,Professor Squidward.png
squidward,Professor Squidward.png
reef,REEF BLOWER.jpg
blow,REEF BLOWER.jpg
wer,REEF BLOWER.jpg
re,Restraining SpongeBob.png
ise,Rise and Shine.PNG
shine,Rise and Shine.PNG
rock,Rock Bottom.png
ock-a-bye,Rock-a-Bye Bivalve.jpg
rodeo,Rodeo Daze.jpg
daz,Rodeo Daze.jpg
er,Roller Cowards.jpg
s,Roller Cowards.jpg
ule,Rule of Dumb.jpg
dumb,Rule of Dumb.jpg
safe,Safe Deposit Krabs.png
deposit,Safe Deposit Krabs.png
ilor,Sailor Mouth.jpg
sand,Sand Castles in the Sand.jpg,Sand Castles in the Sand.jpg
ca,Sand Castles in the Sand.jpg
es,Sand Castles in the Sand.jpg,Teacher's Pest.png
nutmare,Sandy's Nutmare.png
roc,SANDY'S ROCKET.jpg
ke,SANDY'S ROCKET.jpg
ruins,Sandy's Vacation In Ruins.jpg
"sandy,","Sandy, SpongeBob, and the Worm.jpg"
sanitation,Sanitation Insanity.png
insanity,Sanitation Insanity.png
sb,SB-129.png
sca,Scaredy Pant.jpg
ared,Scaredy Pant.jpg
sea,Sea Horse Riding Made Easy.png
horse,Sea Horse Riding Made Easy.png
riding,Sea Horse Riding Made Easy.png
made,Sea Horse Riding Made Easy.png
easy,Sea Horse Riding Made Easy.png
ance,Seance Shmeanc.png
secret,SecretOfKahunaLaguna.png,The Secret Box.jpg
kahuna,SecretOfKahunaLaguna.png
laguna,SecretOfKahunaLaguna.png
sell,Selling Out.jpg
ling,Selling Out.jpg
out,Selling Out.jpg
sentimental,Sentimental Sponge.png
sponge,Sentimental Sponge.png,The Krusty Sponge.PNG
ed,Shanghaied.jpg
shark,Sharks vs Pods.png
man,Shell of a Man.jpg
shell,Shell Shocked.png
ed,Shell Shocked.png
she,Shellback Shenanigans.jpg
shopping,Shopping Lis.png
shuffle,Shuffleboarding.jpg
boar,Shuffleboarding.jpg
ding,Shuffleboarding.jpg
song,Sing a Song of Patrick.png
atrick,Sing a Song of Patrick.png
single,Single Cell Anniversary.png
cell,Single Cell Anniversary.png
slide,Slide Whistle Stooges.png
whistle,Slide Whistle Stooges.png
dancing,Slimy Dancing.jpg
at,Smoothe Jazz at Bikini Bottom.png
i,Smoothe Jazz at Bikini Bottom.png
bot,Smoothe Jazz at Bikini Bottom.png
snail,Snail Mail.png
mail,Snail Mail.png
snowball,Snowball Effect.png
effect,Snowball Effect.png
someone's,Someone's in the Kitchen with Sandy.png
kitchen,Someone's in the Kitchen with Sandy.png
sandy,Someone's in the Kitchen with Sandy.png
something,Something Smells.jpg
smells,Something Smells.jpg
cano!,Sponge-Cano!.jpg
wave,SpongeBob and the Beig Wave.png
longpants,SpongeBob LongPants.jpg
meets,SpongeBob Meets the Strangler.jpg
strangler,SpongeBob Meets the Strangler.jpg
squarepants,SpongeBob SquarePants vs. The Big One.jpg,To SquarePants or Not to SquarePants.jpg
big,SpongeBob SquarePants vs. The Big One.jpg
vs.,SpongeBob vs. the Patty Gadget.jpg
patty,SpongeBob vs. the Patty Gadget.jpg,The Krabby Patty That Ate Bikini Bottom.png
gadget,SpongeBob vs. the Patty Gadget.jpg
you're,SpongeBob You're Fired.png
spongebob's,SpongeBob's Last Stand.png,SpongeBob's Place.png
last,SpongeBob's Last Stand.png
stand,SpongeBob's Last Stand.png
place,SpongeBob's Place.png
ong,SpongeGuard on Duty.png
ard,SpongeGuard on Duty.png
duty,SpongeGuard on Duty.png
spongehenge,SpongeHenge.png
spongicus,Spongicus.jpg
sport,Sportz%3F.png
turns,Spot Returns.jpg
spy,Spy Buddies.JPG
buddies,Spy Buddies.JPG
squeaky,Squeaky Boots.jpg
boots,Squeaky Boots.jpg
u,Squid Baby.PNG
b,Squid Baby.PNG
y,Squid Baby.PNG
quid,SQUID NOR.jpeg
strike,Squid on Strike.jpg
plus,Squid Plus One.png
squid,Squid Wood.png,Sweet and Sour Squid.png
uid's,Squid's Day Off.png
day,Squid's Day Off.png
squid's,Squid's Visit.jpg
squid,Squid-Defens.PNG
squidbob,SquidBob TentaclePants.png
entacle,SquidBob TentaclePants.png
pants,SquidBob TentaclePants.png
squidtastic,Squidtastic Voyage.jpg
voyage,Squidtastic Voyage.jpg
dvi,Squidville.png
ille,Squidville.png
boating,Squidward Doesn't Like Boating School.png
squidward,Squidward in Clarinetland.jpg
in,Squidward in Clarinetland.jpg
clarinetland,Squidward in Clarinetland.jpg
squidward,Squidward the Unfriendly Ghost.jpg
unfriendly,Squidward the Unfriendly Ghost.jpg
squidward's,Squidward's School for Grown-Ups.png
school,Squidward's School for Grown-Ups.png
grown-ups,Squidward's School for Grown-Ups.png
squilliam,Squilliam Returns.jpg
returns,Squilliam Returns.jpg
uirrel,Squirrel Jelly.png
quirrel,Squirrel-Recor.PNG
stanley,Stanley S. SquarePants.JPG
s.,Stanley S. SquarePants.JPG
squarepants,Stanley S. SquarePants.JPG
ck,Stuck in the Freezer.png
ezer,Stuck in the Freezer.png
stuck,Stuck in the Wringer.jpg
tuck,Stuck on the Roof.png
ro,Stuck on the Roof.png
oof,Stuck on the Roof.png
suction,Suction Cup Symphony.png
cup,Suction Cup Symphony.png
symphony,Suction Cup Symphony.png
summer,Summer Job.jpg,The Endless Summer.jpg,The Inmates of Summer.jpg
sun,Sun Bleached.png
bleache,Sun Bleached.png
super,Super Evil Aquatic Villain Team Up is Go!.jpg
evil,Super Evil Aquatic Villain Team Up is Go!.jpg
aquatic,Super Evil Aquatic Villain Team Up is Go!.jpg
illai,Super Evil Aquatic Villain Team Up is Go!.jpg
team,Super Evil Aquatic Villain Team Up is Go!.jpg
up,Super Evil Aquatic Villain Team Up is Go!.jpg
is,Super Evil Aquatic Villain Team Up is Go!.jpg
surf,Surf N' Turf.png
n',Surf N' Turf.png
survival,Survival of the Idiots.jpg
sour,Sweet and Sour Squid.png
ea,Tea At The TreeDome.jpg,Tea at the Treedome.png
tree,Tea At The TreeDome.jpg,Tea at the Treedome.png
dome,Tea At The TreeDome.jpg
do,Tea at the Treedome.png
ome,Tea at the Treedome.png
teacher's,Teacher's Pest.png
tentacle-,Tentacle-Vision.jpg
vision,Tentacle-Vision.jpg
exas,Texas.jpg
sinking,That Sinking Feeling.jpg
feeling,That Sinking Feeling.jpg
that's,That's No Lady.jpg
lady,That's No Lady.jpg
abrasive,The Abrasive Side.jpg
side,The Abrasive Side.jpg
algae's,The Algae's Always Greener.jpg
always,The Algae's Always Greener.jpg
gr,The Algae's Always Greener.jpg
reener,The Algae's Always Greener.jpg
bad,The Bad Guy Club for Villains.jpg
guy,The Bad Guy Club for Villains.jpg
villains,The Bad Guy Club for Villains.jpg
battle,The Battle of Bikini Bottom.jpg
camping,The Camping Episode.jpg
episode,The Camping Episode.jpg
on,The Cent of Money.jpg
cent,The Cent of Money.jpg
ch,The Chaperone.jpg
rone,The Chaperone.jpg
cla,The Clam Whisperer.jpg
the,The Clash of Triton.jpg,The Original Fry Cook.jpg
cl,The Clash of Triton.jpg
ash,The Clash of Triton.jpg
tri,The Clash of Triton.jpg
ton,The Clash of Triton.jpg
curse,The Curse of Bikini Bottom.jpg,The Curse of the Hex.jpg
donut,The Donut of Shame.jpg
shame,The Donut of Shame.jpg
endle,The Endless Summer.jpg
executive,The Executive Treatment.png
treatment,The Executive Treatment.png
fry,The Fry Cook Games.jpg,The Original Fry Cook.jpg
cook,The Fry Cook Games.jpg,The Original Fry Cook.jpg
games,The Fry Cook Games.jpg
gum,The Gift of Gum.jpg
krabby,The Good Krabby Name.png
name,The Good Krabby Name.png
go,The Googly Artiste.png
artiste,The Googly Artiste.png
great,The Great Patty Caper.jpg
patty,The Great Patty Caper.jpg
caper,The Great Patty Caper.jpg
great,The Great Snail Race.jpg
race,The Great Snail Race.jpg
grill,The Grill is Gone.png
is,The Grill is Gone.png
he,The Hot Shot.png,The Masterpiece.jpg,The Other Patty.png
incredible,The Incredible Shrinking Sponge.jpg
shrinking,The Incredible Shrinking Sponge.jpg
inmates,The Inmates of Summer.jpg
ins,The Inside Job.jpg
side,The Inside Job.jpg
job,The Inside Job.jpg
kronicle,The Krabby Kronicle.jpg
ate,The Krabby Patty That Ate Bikini Bottom.png
plate,The Krusty Plate.jpg
legend,The Legend of Boo-kini Bottom.jpg
boo-kini,The Legend of Boo-kini Bottom.jpg
lost,The Lost Mattress.jpg
ma,The Lost Mattress.jpg
e,The Lost Mattress.jpg
main,The Main Drain.jpg
masterpiece,The Masterpiece.jpg
monster,The Monster Who Came to Bikini Bottom.jpg
who,The Monster Who Came to Bikini Bottom.jpg,The Sponge Who Could Fly.jpg
came,The Monster Who Came to Bikini Bottom.jpg
to,The Monster Who Came to Bikini Bottom.jpg,Welcome to the Chum Bucket.jpg,What_Ever_Happened_to_SpongeBob%3F.png
bikin,The Monster Who Came to Bikini Bottom.jpg
ni,The Monster Who Came to Bikini Bottom.jpg
original,The Original Fry Cook.jpg
paper,The Paper.png
pink,The Pink Purloiner.png
purloiner,The Pink Purloiner.png
play's,The Play's the Thing.jpg
thing,The Play's the Thing.jpg,The Thing.png
sewers,The Sewers of Bikini Bottom.jpg
ikini,The Sewers of Bikini Bottom.jpg
slumber,The Slumber Party.jpg
moking,The Smoking Peanut.jpg
peanut,The Smoking Peanut.jpg
could,The Sponge Who Could Fly.jpg
he,The String.png
two,The Two Faces of Squidward.png
squi,The Two Faces of Squidward.png
dward,The Two Faces of Squidward.png
way,The Way of The Sponge.png
wreck,The Wreck of the Mauna Loa.png
mauna,The Wreck of the Mauna Loa.png
loa,The Wreck of the Mauna Loa.png
love,To Love a Patty.PNG
save,To Save a Squirrel.jpg
square,To SquarePants or Not to SquarePants.jpg,Truth or Square.PNG
pants,To SquarePants or Not to SquarePants.jpg
not,To SquarePants or Not to SquarePants.jpg
toy,Toy Store of Doom.jpg
store,Toy Store of Doom.jpg
trut,Truth or Square.PNG
tunnel,Tunnel of Glove.jpg
tutor,Tutor Sauce.png
unreal,Unreal Estate.png
valen,Valentine's Day.png
tine's,Valentine's Day.png
waiting,Waiting.jpg
walki,Walking Small.jpg
small,Walking Small.jpg
walking,Walking the Plankton.png
welcome,Welcome to the Bikini Bottom Triangle.jpg
triangle,Welcome to the Bikini Bottom Triangle.jpg
welcome,Welcome to the Chum Bucket.jpg
wet,Wet Painters.jpg
whale,Whale of a Birthday.png
birthday,Whale of a Birthday.png
hale,Whale Watching.png
watching,Whale Watching.png
eating,What%27s_Eating_Patrick%3F.png
happened,What_Ever_Happened_to_SpongeBob%3F.png
whelk,Whelk Attack.jpg
attack,Whelk Attack.jpg
wigst,Wigstruck.jpg
struck,Wigstruck.jpg
wishing,Wishing You Well.png
well,Wishing You Well.png
know,You Don't Know Sponge.jpg
hoe's,Your Shoe's Untied.jpg
ours,"Yours, Mine and Mine.jpg"
mine,"Yours, Mine and Mine.jpg","Yours, Mine and Mine.jpg"
and,"Yours, Mine and Mine.jpg"
